{"cameraMode":{"drawMode":0,"name":"Shaded","section":"Shading Mode"},"sceneLighting":false,"audioPlay":false,"sceneViewState":{"showFog":true,"showMaterialUpdate":true,"showSkybox":true,"showFlares":true,"showImageEffects":true,"showParticleSystems":true},"in2DMode":false,"pivot":{"x":539.9911499023438,"y":959.9998779296875,"z":-3.5390257835388186e-8},"rotation":{"x":-0.13489627838134767,"y":-0.0038671281654387714,"z":0.0005264842766337097,"w":-0.9908520579338074},"size":3634.8115234375,"orthographic":false}